	interval	chrom	pos	ref_allele	alt_allele	cluster	allele	gene
0	chr19_49217116_49217302	19	49217117	C	G	5	paternal	MAMSTR
1	chr1_173772100_173772643	1	173772549	T	A	2	paternal	CENPL
2	chr12_52913525_52914080	12	52913898	G	T	5	maternal	KRT5
3	chr12_107393328_107393640	12	107393632	C	A	5	paternal	CRY1
4	chr4_89597484_89597574	4	89597488	A	T	1	paternal	HERC3
5	chr2_97170995_97171023	2	97171004	A	T	3	paternal	NEURL3
6	chr1_201341154_201341169	1	201341168	T	A	5	paternal	TNNT2
7	chr5_141018521_141018588	5	141018564	G	A	4	maternal	RELL2
8	chr19_57325042_57328947	19	57325277	T	C	4	maternal	ZIM2
9	chr16_67189279_67189557	16	67189354	G	A	4	maternal	TRADD
10	chr3_45785024_45785161	3	45785066	G	A	5	paternal	SACM1L
11	chr6_31928208_31928323	6	31928271	G	A	1	maternal	SKIV2L
12	chr19_45790704_45790922	19	45790896	C	G	4	maternal	MARK4
13	chr14_47426576_47426846	14	47426648	T	C	3	paternal	MDGA2
14	chr11_67068958_67069122	11	67068970	C	G	1	paternal	ANKRD13D
15	chr1_156290629_156290816	1	156290685	A	T	2	paternal	CCT3
16	chr9_116152872_116152956	9	116152902	G	A	2	paternal	ALAD
17	chr5_95158159_95158366	5	95158282	C	A	4	paternal	RHOBTB3
18	chr10_102304707_102304853	10	102304714	T	A	5	paternal	HIF1AN
19	chr9_130565203_130565341	9	130565313	T	C	1	paternal	FPGS
20	chrX_148048319_148048609	23	148048491	A	G	3	paternal	AFF2
21	chr7_141786017_141786128	7	141786091	T	G	4	paternal	MGAM
22	chr7_100552880_100553066	7	100552973	C	T	5	paternal	MUC3A
23	chr10_127569111_127569393	10	127569223	T	C	4	maternal	DHX32
24	chr6_125283690_125284572	6	125284525	A	T	2	maternal	RNF217
25	chr8_144940158_144947421	8	144945788	A	T	3	maternal	EPPK1
26	chr16_71893920_71894575	16	71893933	G	C	1	maternal	ATXN1L
27	chr19_885769_886201	19	885899	G	T	5	paternal	MED16
28	chr17_75208031_75208283	17	75208112	C	G	3	paternal	SEC14L1
29	chr6_139170405_139170571	6	139170555	A	C	3	maternal	ECT2L
30	chr14_74969355_74969637	14	74969572	G	A	5	paternal	LTBP2
31	chr19_7618757_7618901	19	7618818	C	G	1	maternal	PNPLA6
32	chr1_198668692_198668833	1	198668717	A	G	1	maternal	PTPRC
33	chr7_44121849_44122037	7	44121886	G	C	1	maternal	POLM
34	chr2_131996850_131997017	2	131996937	T	A	3	maternal	PLEKHB2
35	chr8_26510747_26510913	8	26510891	C	G	2	maternal	DPYSL2
36	chr12_123795601_123795676	12	123795640	T	G	1	maternal	SBNO1
37	chr20_58467044_58467481	20	58467104	T	A	2	paternal	SYCP2
38	chr22_42473297_42474077	22	42474059	G	T	1	paternal	FAM109B
39	chr3_48723069_48723240	3	48723126	G	A	5	paternal	NCKIPSD
40	chr11_6653261_6654287	11	6653970	C	A	1	paternal	DCHS1
41	chr6_160679375_160679789	6	160679666	A	T	2	maternal	SLC22A2
42	chr8_90936730_90937760	8	90937750	G	T	5	maternal	OSGIN2
43	chr1_54867533_54867618	1	54867558	A	T	1	paternal	SSBP3
44	chr11_56380030_56380978	11	56380452	T	C	4	paternal	OR5M1
45	chr7_29186464_29186576	7	29186500	G	T	4	paternal	CPVL
46	chr6_150004151_150005728	6	150004503	C	G	4	paternal	LATS1
47	chr7_150811857_150812728	7	150812471	C	T	2	maternal	AGAP3
48	chr13_99092376_99092489	13	99092418	T	A	1	paternal	FARP1
49	chr4_151153833_151153980	4	151153955	G	C	2	paternal	DCLK2
50	chr4_7042997_7044665	4	7043185	C	T	1	maternal	RP11-367J11.2
51	chr6_33258492_33258622	6	33258582	G	T	1	paternal	PFDN6
52	chr13_50204583_50205174	13	50205031	G	C	2	paternal	ARL11
53	chr1_115164515_115164686	1	115164526	T	G	5	paternal	DENND2C
54	chr5_150921845_150925898	5	150924295	A	G	1	maternal	FAT2
55	chr22_40742562_40742715	22	40742680	C	A	3	paternal	ADSL
56	chr12_56428354_56429115	12	56429056	A	T	4	paternal	IKZF4
57	chr11_419581_419729	11	419666	A	T	3	maternal	ANO9
58	chr7_6647590_6647792	7	6647764	T	C	4	paternal	C7orf26
59	chr10_44111738_44112817	10	44112076	G	A	2	paternal	ZNF485
60	chr19_50097953_50101270	19	50098660	T	C	4	maternal	PRR12
61	chr13_23904274_23915829	13	23909304	C	A	1	paternal	SACS
62	chrX_31089518_31090070	23	31089700	T	C	5	maternal	FTHL17
63	chr3_154855890_154856025	3	154855986	A	G	2	maternal	MME
64	chr12_432765_432947	12	432886	G	T	2	paternal	KDM5A
65	chr13_42161647_42161806	13	42161762	T	C	5	paternal	VWA8
66	chr3_188956521_188956698	3	188956538	A	C	3	maternal	TPRG1
67	chr15_83349223_83349507	15	83349292	G	T	2	maternal	RP11-752G15.3
68	chr14_22133296_22134238	14	22133834	G	A	1	paternal	OR4E2
69	chr17_40706686_40706956	17	40706923	T	G	5	maternal	RP11-400F19.8
70	chr16_27226196_27226329	16	27226217	T	C	2	maternal	KDM8
71	chr1_32542363_32542447	1	32542369	C	T	5	maternal	TMEM39B
72	chr1_70897765_70897918	1	70897817	T	G	2	paternal	CTH
73	chr9_132481509_132481697	9	132481683	G	A	4	maternal	PRRX2
74	chr3_33576724_33576953	3	33576779	T	A	5	paternal	CLASP2
75	chr11_55926869_55927793	11	55926976	A	C	1	paternal	OR8K5
76	chr7_134625842_134625988	7	134625866	G	A	2	maternal	CALD1
77	chr16_2811561_2818262	16	2816492	C	T	1	paternal	SRRM2
78	chr12_81004217_81004404	12	81004329	T	G	2	maternal	PTPRQ
79	chr13_77670446_77670616	13	77670557	A	C	1	paternal	MYCBP2
80	chr17_45681280_45681415	17	45681339	G	C	3	paternal	NPEPPS
81	chrX_53349614_53350321	23	53350119	T	G	4	paternal	IQSEC2
82	chr4_186320723_186320927	4	186320788	G	C	2	paternal	ANKRD37
83	chr10_120818723_120818909	10	120818767	A	G	5	maternal	EIF3A
84	chr5_741708_741743	5	741721	G	A	1	maternal	ZDHHC11
85	chrX_123695520_123695667	23	123695529	T	C	3	maternal	TENM1
86	chr4_140646904_140646989	4	140646927	C	G	2	maternal	MGST2
87	chr12_94975397_94976314	12	94975795	A	T	5	maternal	TMCC3
88	chr21_47848308_47848504	21	47848413	G	C	2	paternal	PCNT
89	chr17_7917918_7918082	17	7918073	T	A	2	paternal	GUCY2D
90	chr17_18166399_18166562	17	18166412	G	A	4	maternal	MIEF2
91	chrX_152845435_152845756	23	152845591	G	A	4	paternal	ATP2B3
92	chr2_110048956_110049127	2	110048969	C	T	2	maternal	SH3RF3
93	chr6_1312939_1314151	6	1313451	T	C	1	paternal	FOXQ1
94	chr4_170652854_170653027	4	170652897	C	A	3	maternal	C4orf27
95	chr2_170360990_170361092	2	170360995	A	T	3	maternal	BBS5
96	chr2_219924874_219925189	2	219925083	C	G	4	maternal	IHH
97	chr9_35710557_35710680	9	35710578	A	C	4	paternal	TLN1
98	chr17_61841375_61841550	17	61841517	A	C	2	paternal	CCDC47
99	chr20_44180664_44180804	20	44180694	C	A	2	maternal	WFDC8
100	chr12_58123421_58123550	12	58123473	T	G	3	paternal	AGAP2
101	chr2_128072329_128072459	2	128072375	C	T	4	maternal	MAP3K2
102	chr19_33409129_33409245	19	33409203	G	A	2	paternal	CEP89
103	chr16_28353927_28354509	16	28354431	T	G	5	paternal	NPIPB6
104	chr3_183905451_183905549	3	183905494	A	T	4	maternal	EIF2B5
105	chr2_25190079_25190162	2	25190137	T	C	5	paternal	DNAJC27
106	chr20_47570092_47570327	20	47570128	G	T	1	paternal	ARFGEF2
107	chr7_133894173_133894649	7	133894593	A	C	4	paternal	LRGUK
108	chr2_190626145_190626366	2	190626221	G	C	1	maternal	OSGEPL1
109	chr18_19112433_19112621	18	19112439	G	A	4	paternal	ESCO1
110	chr8_67793083_67793209	8	67793114	A	G	5	paternal	MCMDC2
111	chr1_43108143_43108280	1	43108162	C	G	2	maternal	CCDC30
112	chr11_35640184_35641498	11	35640698	G	T	4	paternal	FJX1
113	chr2_201534297_201534465	2	201534364	G	A	1	paternal	AOX1
114	chr6_108224047_108224202	6	108224104	G	A	2	paternal	SEC63
115	chr20_60887228_60887372	20	60887328	C	T	3	paternal	LAMA5
116	chr2_208631705_208633463	2	208632173	T	A	4	paternal	FZD5
117	chr17_8925690_8926708	17	8925987	C	G	4	maternal	NTN1
118	chr13_30090274_30090383	13	30090316	T	C	3	paternal	SLC7A1
119	chr18_28654648_28654873	18	28654747	A	C	2	paternal	DSC2
120	chr16_2286817_2286961	16	2286822	G	C	5	maternal	RP11-304L19.12
121	chr21_43680098_43680249	21	43680199	G	A	4	paternal	ABCG1
122	chr5_154291286_154291458	5	154291385	C	G	4	maternal	GEMIN5
123	chr9_32541384_32544324	9	32543198	G	C	1	maternal	TOPORS
124	chr4_110864409_110864591	4	110864535	C	G	2	maternal	EGF
125	chr3_53765103_53765173	3	53765132	A	T	2	maternal	CACNA1D
126	chr2_21224601_21226206	2	21226042	A	C	2	maternal	APOB
127	chr19_50154124_50156962	19	50154442	T	A	2	maternal	SCAF1
128	chr5_140787769_140790187	5	140788428	C	T	4	paternal	PCDHGA1
129	chr1_161071837_161071961	1	161071852	T	G	1	paternal	PFDN2
130	chr1_222757469_222757639	1	222757473	A	G	4	paternal	TAF1A
131	chr4_13600569_13606708	4	13605207	T	G	3	maternal	BOD1L1
132	chr15_39885597_39885869	15	39885743	C	G	4	paternal	THBS1
133	chr7_47884592_47884676	7	47884654	C	A	2	paternal	HUS1
134	chr1_98060614_98060722	1	98060619	T	G	2	paternal	DPYD
135	chr1_17312479_17312853	1	17312487	G	C	4	paternal	RP1-37C10.3
136	chrX_107320277_107320611	23	107320321	C	T	1	paternal	VSIG1
137	chr14_70175393_70175821	14	70175650	T	G	5	paternal	KIAA0247
138	chr5_137761099_137761271	5	137761252	T	A	2	paternal	KDM3B
139	chr5_141019486_141019862	5	141019682	C	T	5	paternal	RELL2
140	chr17_80573794_80573901	17	80573851	C	A	2	maternal	FOXK2
141	chr17_30348165_30349844	17	30348236	A	C	1	maternal	LRRC37B
142	chr1_144212844_144213081	1	144213033	T	G	2	maternal	NBPF8
143	chr11_57155226_57155338	11	57155297	C	G	1	paternal	PRG2
144	chr20_39741421_39741565	20	39741467	A	T	4	maternal	TOP1
145	chr7_82763565_82764972	7	82763686	A	C	1	paternal	PCLO
146	chr1_3753855_3754083	1	3753902	G	C	5	maternal	CEP104
147	chr6_117686743_117686904	6	117686893	A	G	2	paternal	ROS1
148	chr1_153791266_153791398	1	153791318	C	G	1	paternal	GATAD2B
149	chrX_18338451_18338540	23	18338514	G	T	5	paternal	SCML2
150	chr1_110560567_110560638	1	110560634	C	T	4	paternal	AHCYL1
151	chr1_40773863_40773917	1	40773892	T	C	1	maternal	COL9A2
152	chr9_86905068_86905194	9	86905142	T	A	1	maternal	SLC28A3
153	chr1_42045407_42050468	1	42049097	G	T	3	maternal	HIVEP3
154	chr12_72090215_72090353	12	72090332	C	G	2	maternal	RP11-293I14.2
155	chr5_127873042_127873296	5	127873043	C	A	3	maternal	FBN2
156	chr17_41002098_41002365	17	41002098	G	C	4	paternal	AOC2
157	chr3_187088575_187089161	3	187088833	C	A	3	paternal	RTP4
158	chr5_59064072_59064335	5	59064310	G	T	1	maternal	PDE4D
159	chr14_51190180_51190390	14	51190211	T	C	3	paternal	NIN
160	chr13_58206680_58209245	13	58209145	A	C	4	paternal	PCDH17
161	chr19_20307772_20308911	19	20308534	A	T	2	paternal	CTC-260E6.6
162	chr22_46652457_46659219	22	46656651	G	T	4	paternal	PKDREJ
163	chr18_52265043_52265376	18	52265148	G	T	4	paternal	DYNAP
164	chr3_7721735_7721982	3	7721906	G	C	1	maternal	GRM7
165	chr8_48826460_48826624	8	48826531	A	T	4	paternal	PRKDC
166	chr2_11591776_11591932	2	11591798	G	A	3	paternal	E2F6
167	chr12_118671478_118671570	12	118671530	A	T	1	paternal	TAOK3
168	chr11_607065_609720	11	609444	G	T	4	maternal	PHRF1
169	chr6_3129278_3129432	6	3129315	A	T	1	paternal	BPHL
170	chr10_88705317_88705446	10	88705387	T	A	2	maternal	MMRN2
171	chr1_8420171_8421550	1	8420804	C	G	2	paternal	RERE
172	chr1_152275175_152287223	1	152286319	T	A	4	maternal	FLG-AS1
173	chr12_64238596_64238663	12	64238647	T	A	1	paternal	SRGAP1
174	chr8_10690401_10690494	8	10690464	C	G	4	paternal	SOX7
175	chr4_107249232_107249400	4	107249357	A	T	5	paternal	AIMP1
176	chrX_53607790_53607986	23	53607886	A	T	5	paternal	HUWE1
177	chr4_151793814_151793907	4	151793879	T	C	4	maternal	LRBA
178	chr11_2677912_2678391	11	2677943	G	T	5	maternal	KCNQ1
179	chr9_4123804_4123844	9	4123819	G	T	2	maternal	GLIS3
180	chr14_24806090_24806151	14	24806131	C	T	4	maternal	RP11-934B9.3
181	chr1_100534028_100534142	1	100534120	G	A	1	maternal	HIAT1
182	chr5_3596219_3596495	5	3596362	T	A	4	paternal	IRX1
183	chr6_167343075_167343279	6	167343223	C	G	2	maternal	RP11-514O12.4
184	chr16_89556879_89556944	16	89556934	C	T	2	maternal	ANKRD11
185	chr2_186664423_186673860	2	186665962	G	C	1	paternal	FSIP2
186	chr10_69700695_69700862	10	69700778	A	T	2	maternal	HERC4
187	chr2_96049749_96049797	2	96049750	G	C	5	paternal	KCNIP3
188	chr22_29884837_29886692	22	29885535	G	A	3	paternal	NEFH
189	chr10_52580311_52580409	10	52580372	A	T	1	paternal	A1CF
190	chr1_154918047_154919279	1	154918846	C	G	3	maternal	PBXIP1
191	chr16_82182335_82182468	16	82182465	A	C	2	maternal	MPHOSPH6
192	chr17_36482347_36487414	17	36486544	G	T	4	paternal	GPR179
193	chrX_90690576_90691725	23	90690946	T	G	2	maternal	PABPC5
194	chr17_74387990_74388194	17	74388062	C	A	3	maternal	UBE2O
195	chr2_241861955_241862062	2	241862035	T	C	1	maternal	AC104809.3
196	chr19_43683030_43683309	19	43683075	G	T	5	paternal	PSG5
197	chr14_95599651_95599795	14	95599694	T	A	1	maternal	DICER1
198	chr2_24207542_24207701	2	24207625	T	A	5	maternal	UBXN2A
199	chr10_81892518_81892582	10	81892558	C	G	4	paternal	PLAC9
200	chr21_36164431_36164907	21	36164431	A	T	5	maternal	RUNX1
